model,sim_time,arrival_mean,service_mean,num_nurses,seed,total_arrived,total_served,average_wait,average_system_time,utilization,max_queue_length,average_wait_red,average_wait_yellow,average_wait_green
fifo,1000,5,4,2,100,197,197,1.0601333099080714,5.449941405843428,0.43239609744963264,4,,,
fifo,1000,5,4,2,101,218,216,0.5751942400378568,4.796891897985642,0.45594334705836087,4,,,
fifo,1000,5,4,2,102,170,170,0.571705263270262,5.1175582295549455,0.38639750213419805,3,,,
priority,1000,5,4,2,100,197,197,1.19275650297816,5.582564598913517,0.4323960974496327,4,0.1869315349407851,0.9589937030229829,1.423769542639135
priority,1000,5,4,2,101,218,216,0.637717000646578,4.859414658594363,0.45594334705836087,4,0.1845794411537023,0.5438409938058253,0.7877746108024185
priority,1000,5,4,2,102,170,170,0.5179141558684303,5.063767122153114,0.38639750213419805,3,0.1781221316419013,0.11818606938729162,0.7573734011037585
