model,sim_time,arrival_mean,service_mean,num_nurses,replications,total_arrived,total_served,average_wait,average_system_time,utilization,max_queue_length,average_wait_red,average_wait_yellow,average_wait_green
fifo,1000,5,4,2,3,195.0,194.33333333333334,0.7356776044053968,5.1214638444613385,0.4249123155473972,3.6666666666666665,,,
priority,1000,5,4,2,3,195.0,194.33333333333334,0.7827958864977228,5.168582126553665,0.4249123155473972,3.6666666666666665,0.1832110359121296,0.5403402554053666,0.9896391848484374
